"Sample_name","ACGGAGGGTGCAAGCGTTAATCGGAATTACTGGGCGTAAAGCGCACGCAGGCGGTTGGATAAGTTAGATGTGAAAGCCCCGGGCTCAACCTGGGAATTGCATTTAAAACTGTCCAGCTAGAGTCTTGTAGAGGGGGGTAGAATTCCAGGTGTAGCGGTGAAATGCGTAGAGATCTGGAGGAATACCGGTGGCGAAGGCGGCCCCCTGGACAAAGACTGACGCTCAGGTGCGAAAGCGTGGGGAGCAAACAGGATTAGATACCCTGGTAGTCCACGCCGTAAACGATGTCGATTTGGAGGCTGTGTCCTTGAGACGTGGCTTCCGGAGCTAACGCGTTAAATCGACCGCCTGGGGAGTACGGCCGCAAGGTTAAA"
"SRR11487872",0.001090086
"SRR11487873",0.001999102
"SRR11487874",0.002928434
"SRR11487886",0
"SRR11487887",0.009420787
"SRR11487888",0.000868976
"SRR11487896",0.001293687
"SRR11487897",0.00152321
"SRR11487898",0.001157377
"SRR11487899",0.000687737
